Tensile_Strength(MPa),Yield_Strength(MPa),Elastic_Modulus,Shear_Modulus,Poisson_Ratio,Density,Annotation,rating
421,314,207000,79000,0.3,7860,Yes,4
424,324,207000,79000,0.3,7860,Yes,4
386,284,207000,79000,0.3,7860,Yes,3
448,331,207000,79000,0.3,7860,Yes,5
441,346,207000,79000,0.3,7860,Yes,5
395,295,207000,79000,0.3,7860,Yes,4
503,359,207000,79000,0.3,7860,Yes,5
483,359,207000,79000,0.3,7860,Yes,5
450,317,207000,79000,0.3,7860,Yes,4
552,345,207000,79000,0.3,7860,Yes,4
517,345,207000,79000,0.3,7860,Yes,5
464,341,207000,79000,0.3,7860,Yes,5
848,648,207000,79000,0.3,7860,No,1
621,414,207000,79000,0.3,7860,Yes,3
590,374,207000,79000,0.3,7860,Yes,3
519,353,207000,79000,0.3,7860,Yes,5
779,593,207000,79000,0.3,7860,No,1
724,414,207000,79000,0.3,7860,No,1
748,427,207000,79000,0.3,7860,No,1
636,365,207000,79000,0.3,7860,Yes,2
979,724,207000,79000,0.3,7860,No,1
814,483,207000,79000,0.3,7860,No,1
776,421,207000,79000,0.3,7860,No,1
626,372,207000,79000,0.3,7860,Yes,3
1103,779,207000,79000,0.3,7860,No,1
965,586,207000,79000,0.3,7860,No,1
1010,524,207000,79000,0.3,7860,No,1
615,376,207000,79000,0.3,7860,Yes,3
1303,979,207000,79000,0.3,7860,No,1
965,572,207000,79000,0.3,7860,No,1
1014,500,207000,79000,0.3,7860,No,1
657,379,207000,79000,0.3,7860,Yes,2
1289,827,207000,79000,0.3,7860,No,1
487,305,207000,79000,0.3,7860,Yes,4
467,303,207000,79000,0.3,7860,Yes,4
429,279,207000,79000,0.3,7860,Yes,3
521,316,207000,79000,0.3,7860,Yes,4
477,319,207000,79000,0.3,7860,Yes,5
450,284,207000,79000,0.3,7860,Yes,4
627,379,207000,79000,0.3,7860,Yes,3
669,396,207000,79000,0.3,7860,Yes,2
584,345,207000,79000,0.3,7860,Yes,4
1082,938,207000,79000,0.3,7860,No,1
676,359,207000,79000,0.3,7860,Yes,2
707,405,207000,79000,0.3,7860,No,1
598,353,207000,79000,0.3,7860,Yes,3
1634,1213,207000,79000,0.3,7860,No,1
703,421,207000,79000,0.3,7860,No,1
667,400,207000,79000,0.3,7860,Yes,2
584,346,207000,79000,0.3,7860,Yes,4
876,627,207000,79000,0.3,7860,No,1
836,558,207000,79000,0.3,7860,No,1
703,436,207000,79000,0.3,7860,No,1
1806,1593,207000,79000,0.3,7860,No,1
891,600,207000,79000,0.3,7860,No,1
689,422,207000,79000,0.3,7860,No,1
1027,758,207000,79000,0.3,7860,No,1
1800,1662,207000,79000,0.3,7860,No,1
669,436,207000,79000,0.3,7860,Yes,2
560,360,207000,79000,0.3,7860,Yes,4
1627,1462,207000,79000,0.3,7860,No,1
1020,655,207000,79000,0.3,7860,No,1
655,417,207000,79000,0.3,7860,Yes,2
1772,1641,207000,79000,0.3,7860,No,1
1155,734,207000,79000,0.3,7860,No,1
729,379,207000,79000,0.3,7860,No,1
1931,1724,207000,79000,0.3,7860,No,1
793,464,207000,79000,0.3,7860,No,1
579,425,207000,79000,0.3,7860,Yes,3
1279,862,207000,79000,0.3,7860,No,1
745,472,207000,79000,0.3,7860,No,1
1875,1675,207000,79000,0.3,7860,No,1
574,366,207000,79000,0.3,7860,Yes,4
512,372,207000,79000,0.3,7860,Yes,5
755,484,207000,79000,0.3,7860,No,1
681,464,207000,79000,0.3,7860,Yes,2
1744,1407,207000,79000,0.3,7860,No,1
1613,1517,207000,79000,0.3,7860,No,1
793,472,207000,79000,0.3,7860,No,1
572,293,207000,79000,0.3,7860,Yes,4
1793,1641,207000,79000,0.3,7860,No,1
870,529,207000,79000,0.3,7860,No,1
676,357,207000,79000,0.3,7860,Yes,2
1944,1731,207000,79000,0.3,7860,No,1
957,531,207000,79000,0.3,7860,No,1
722,276,207000,79000,0.3,7860,No,1
2220,1793,207000,79000,0.3,7860,No,1
939,615,207000,79000,0.3,7860,No,1
667,412,207000,79000,0.3,7860,Yes,2
1931,1689,207000,79000,0.3,7860,No,1
633,357,207000,79000,0.3,7860,Yes,3
536,385,207000,79000,0.3,7860,Yes,4
650,429,207000,79000,0.3,7860,Yes,2
564,372,207000,79000,0.3,7860,Yes,4
1641,1503,207000,79000,0.3,7860,No,1
1862,1669,207000,79000,0.3,7860,No,1
1024,688,207000,79000,0.3,7860,No,1
715,386,207000,79000,0.3,7860,No,1
1937,1675,207000,79000,0.3,7860,No,1
1634,1551,207000,79000,0.3,7860,No,1
929,607,207000,79000,0.3,7860,No,1
695,415,207000,79000,0.3,7860,No,1
1999,1655,207000,79000,0.3,7860,No,1
933,579,207000,79000,0.3,7860,No,1
774,486,207000,79000,0.3,7860,No,1
2103,2048,207000,79000,0.3,7860,No,1
1758,1503,207000,79000,0.3,7860,No,1
907,571,207000,79000,0.3,7860,No,1
820,440,207000,79000,0.3,7860,No,1
793,379,193000,743000,0.3,8030,No,1
862,517,193000,743000,0.3,8030,No,1
1034,758,193000,743000,0.3,8030,No,1
1207,931,193000,743000,0.3,8030,No,1
1276,965,193000,743000,0.3,8030,No,1
724,379,193000,743000,0.3,8030,No,1
862,517,193000,743000,0.3,8030,No,1
758,276,193000,743000,0.3,8030,No,1
862,517,193000,743000,0.3,8030,No,1
1034,758,193000,743000,0.3,8030,No,1
1207,931,193000,743000,0.3,8030,No,1
1276,965,193000,743000,0.3,8030,No,1
621,255,193000,743000,0.3,8030,No,1
862,517,193000,743000,0.3,8030,No,1
655,276,193000,743000,0.3,8030,No,1
621,241,193000,743000,0.3,8030,No,1
586,241,193000,743000,0.3,8030,No,1
552,207,193000,743000,0.3,8030,No,1
586,255,193000,743000,0.3,8030,No,1
586,241,193000,743000,0.3,8030,No,1
621,276,193000,743000,0.3,8030,No,1
655,276,193000,743000,0.3,8030,No,1
689,345,193000,743000,0.3,8030,No,1
586,241,193000,743000,0.3,8030,No,1
538,207,193000,743000,0.3,8030,No,1
621,276,193000,743000,0.3,8030,No,1
600,241,193000,743000,0.3,8030,No,1
634,241,193000,743000,0.3,8030,No,1
634,241,193000,743000,0.3,8030,No,1
517,276,200000,769000,0.3,8030,No,1
1310,1000,200000,769000,0.3,8030,No,1
483,276,200000,769000,0.3,8030,No,1
517,276,200000,769000,0.3,8030,No,1
1310,1000,200000,769000,0.3,8030,No,1
827,655,200000,769000,0.3,8030,No,1
1379,1034,200000,769000,0.3,8030,No,1
517,276,200000,769000,0.3,8030,No,1
1310,1000,200000,769000,0.3,8030,No,1
655,345,200000,769000,0.3,8030,No,1
1586,1344,200000,769000,0.3,8030,No,1
517,310,200000,769000,0.3,8030,No,1
552,379,200000,769000,0.3,8030,No,1
862,655,200000,769000,0.3,8030,No,1
1413,1069,200000,769000,0.3,8030,No,1
724,414,200000,769000,0.3,8030,No,1
1793,1655,200000,769000,0.3,8030,No,1
758,448,200000,769000,0.3,8030,No,1
1965,1896,200000,769000,0.3,8030,No,1
552,345,200000,769000,0.3,8030,No,1
483,207,200000,769000,0.3,8030,No,1
483,207,200000,769000,0.3,8030,No,1
138,138,80000,32000,0.25,7160,No,1
172,172,98000,39000,0.25,7160,No,1
207,207,100000,40000,0.25,7160,No,1
241,241,110000,44000,0.25,7160,No,1
276,276,117000,47000,0.25,7160,No,1
345,345,124000,50000,0.25,7160,No,1
414,414,137000,55000,0.25,7160,No,1
276,207,172000,68000,0.27,7160,No,1
414,317,172000,68000,0.27,7160,No,1
552,427,172000,68000,0.27,7160,No,1
689,538,172000,68000,0.27,7160,No,1
414,276,159000,66000,0.2,7160,No,1
552,365,159000,66000,0.2,7160,No,1
689,455,159000,66000,0.2,7160,No,1
827,552,159000,66000,0.2,7160,No,1
172,62,108000,40000,0.35,8930,No,1
365,248,108000,40000,0.35,8930,No,1
352,276,108000,40000,0.35,8930,No,1
634,469,108000,40000,0.35,8930,No,1
221,69,100000,37000,0.34,8500,No,1
241,69,100000,37000,0.34,8500,No,1
255,117,100000,37000,0.34,8500,No,1
241,110,100000,37000,0.34,8500,No,1
241,97,100000,37000,0.34,8500,No,1
234,97,100000,37000,0.34,8500,No,1
241,97,100000,37000,0.34,8500,No,1
241,97,100000,37000,0.34,8500,No,1
262,90,100000,37000,0.34,8500,No,1
234,83,100000,37000,0.34,8500,No,1
414,159,100000,37000,0.34,8500,No,1
345,124,100000,37000,0.34,8500,No,1
379,207,100000,37000,0.34,8500,No,1
655,345,120000,45000,0.31,8800,No,1
655,331,120000,45000,0.31,8800,No,1
793,572,120000,45000,0.31,8800,No,1
448,172,120000,45000,0.31,8800,No,1
490,193,120000,45000,0.31,8800,No,1
586,290,120000,45000,0.31,8800,No,1
565,262,120000,45000,0.31,8800,No,1
379,172,120000,45000,0.31,8800,No,1
379,165,120000,45000,0.31,8800,No,1
462,207,120000,45000,0.31,8800,No,1
455,221,120000,45000,0.31,8800,No,1
586,345,120000,45000,0.31,8800,No,1
483,241,120000,45000,0.31,8800,No,1
262,110,120000,45000,0.31,8800,No,1
310,145,120000,45000,0.31,8800,No,1
310,152,120000,45000,0.31,8800,No,1
303,152,120000,45000,0.31,8800,No,1
276,138,120000,45000,0.31,8800,No,1
221,172,120000,45000,0.31,8800,No,1
241,172,120000,45000,0.31,8800,No,1
241,207,120000,45000,0.31,8800,No,1
303,152,120000,45000,0.31,8800,No,1
303,152,120000,45000,0.31,8800,No,1
276,138,120000,45000,0.31,8800,No,1
276,138,120000,45000,0.31,8800,No,1
303,138,120000,45000,0.31,8800,No,1
303,138,120000,45000,0.31,8800,No,1
290,145,120000,45000,0.31,8800,No,1
276,207,120000,45000,0.31,8800,No,1
324,179,120000,45000,0.31,8800,No,1
241,124,120000,45000,0.31,8800,No,1
221,110,120000,45000,0.31,8800,No,1
221,110,120000,45000,0.31,8800,No,1
241,124,120000,45000,0.31,8800,No,1
207,110,120000,45000,0.31,8800,No,1
221,152,120000,45000,0.31,8800,No,1
186,90,120000,45000,0.31,8800,No,1
221,110,120000,45000,0.31,8800,No,1
172,83,120000,45000,0.31,8800,No,1
345,159,120000,45000,0.31,8800,No,1
310,159,120000,45000,0.31,8800,No,1
552,186,120000,45000,0.32,8800,No,1
517,186,120000,45000,0.32,8800,No,1
586,241,120000,45000,0.32,8800,No,1
689,303,120000,45000,0.32,8800,No,1
517,234,120000,45000,0.32,8800,No,1
655,310,120000,45000,0.32,8800,No,1
655,262,120000,45000,0.32,8800,No,1
310,172,100000,37000,0.34,8500,No,1
517,379,100000,37000,0.34,8500,No,1
469,255,100000,37000,0.34,8500,No,1
758,483,100000,37000,0.34,8500,No,1
241,117,100000,37000,0.34,8500,No,1
262,117,100000,37000,0.34,8500,No,1
310,165,100000,37000,0.34,8500,No,1
379,207,100000,37000,0.34,8500,No,1
655,379,100000,37000,0.34,8500,No,1
455,234,100000,37000,0.34,8500,No,1
483,276,100000,37000,0.34,8500,No,1
379,172,100000,37000,0.34,8500,No,1
448,221,100000,37000,0.34,8500,No,1
221,69,108000,40000,0.35,8930,No,1
200,41,108000,40000,0.35,8930,No,1
276,124,108000,40000,0.35,8930,No,1
359,303,108000,40000,0.35,8930,No,1
441,372,108000,40000,0.35,8930,No,1
483,448,108000,40000,0.35,8930,No,1
241,48,108000,40000,0.35,8930,No,1
276,97,108000,40000,0.35,8930,No,1
483,221,108000,40000,0.35,8930,No,1
469,172,108000,40000,0.35,8930,No,1
310,172,108000,40000,0.35,8930,No,1
234,97,108000,40000,0.35,8930,No,1
262,62,108000,40000,0.35,8930,No,1
262,138,108000,40000,0.35,8930,No,1
248,69,108000,40000,0.35,8930,No,1
255,76,108000,40000,0.35,8930,No,1
310,165,108000,40000,0.35,8930,No,1
552,448,108000,40000,0.35,8930,No,1
234,69,108000,40000,0.35,8930,No,1
255,69,105000,40000,0.32,8800,No,1
269,69,105000,40000,0.32,8800,No,1
290,83,105000,40000,0.32,8800,No,1
303,76,105000,40000,0.32,8800,No,1
317,97,105000,40000,0.32,8800,No,1
372,145,105000,40000,0.32,8800,No,1
255,83,105000,40000,0.32,8800,No,1
324,103,105000,40000,0.32,8800,No,1
338,117,105000,40000,0.32,8800,No,1
310,90,105000,40000,0.32,8800,No,1
372,138,105000,40000,0.32,8800,No,1
414,138,105000,40000,0.32,8800,No,1
269,83,105000,40000,0.32,8800,No,1
290,90,105000,40000,0.32,8800,No,1
269,76,105000,40000,0.32,8800,No,1
283,83,105000,40000,0.32,8800,No,1
317,117,105000,40000,0.32,8800,No,1
296,103,105000,40000,0.32,8800,No,1
310,124,105000,40000,0.32,8800,No,1
317,124,105000,40000,0.32,8800,No,1
310,103,105000,40000,0.32,8800,No,1
317,110,105000,40000,0.32,8800,No,1
331,124,105000,40000,0.32,8800,No,1
379,172,105000,40000,0.32,8800,No,1
386,172,105000,40000,0.32,8800,No,1
393,172,105000,40000,0.32,8800,No,1
276,97,105000,40000,0.32,8800,No,1
324,131,105000,40000,0.32,8800,No,1
317,345,105000,40000,0.32,8800,No,1
379,165,105000,40000,0.32,8800,No,1
455,193,105000,40000,0.32,8800,No,1
303,131,105000,40000,0.32,8800,No,1
414,186,105000,40000,0.32,8800,No,1
359,117,105000,40000,0.32,8800,No,1
483,207,105000,40000,0.32,8800,No,1
524,228,105000,40000,0.32,8800,No,1
483,152,105000,40000,0.32,8800,No,1
552,269,105000,40000,0.32,8800,No,1
634,338,105000,40000,0.32,8800,No,1
517,241,105000,40000,0.32,8800,No,1
621,276,105000,40000,0.32,8800,No,1
689,379,105000,40000,0.32,8800,No,1
621,345,105000,40000,0.32,8800,No,1
621,310,105000,40000,0.32,8800,No,1
565,372,105000,40000,0.32,8800,No,1
517,241,105000,40000,0.32,8800,No,1
276,103,105000,40000,0.32,8800,No,1
386,145,105000,40000,0.32,8800,No,1
316,83,105000,40000,0.32,8800,No,1
483,234,105000,40000,0.32,8800,No,1
448,207,105000,40000,0.32,8800,No,1
414,186,105000,40000,0.32,8800,No,1
565,379,105000,40000,0.32,8800,No,1
565,359,105000,40000,0.32,8800,No,1
552,276,105000,40000,0.32,8800,No,1
262,276,105000,40000,0.32,8800,No,1
303,110,105000,40000,0.32,8800,No,1
338,90,105000,40000,0.32,8800,No,1
372,138,105000,40000,0.32,8800,No,1
317,124,105000,40000,0.32,8800,No,1
379,152,105000,40000,0.32,8800,No,1
345,103,105000,40000,0.32,8800,No,1
338,124,105000,40000,0.32,8800,No,1
386,172,105000,40000,0.32,8800,No,1
365,124,105000,40000,0.32,8800,No,1
359,124,105000,40000,0.32,8800,No,1
621,586,105000,40000,0.32,8800,No,1
414,186,105000,40000,0.32,8800,No,1
365,159,105000,40000,0.32,8800,No,1
414,345,73000,26000,0.33,2700,No,1
310,193,73000,26000,0.33,2700,No,1
131,83,73000,26000,0.33,2700,No,1
221,138,73000,26000,0.33,2700,No,1
165,90,73000,26000,0.33,2700,No,1
200,90,73000,26000,0.33,2700,No,1
221,138,73000,26000,0.33,2700,No,1
248,193,73000,26000,0.33,2700,No,1
200,110,73000,26000,0.33,2700,No,1
159,90,73000,26000,0.33,2700,No,1
214,138,73000,26000,0.33,2700,No,1
172,97,73000,26000,0.33,2700,No,1
234,145,73000,26000,0.33,2700,No,1
172,124,73000,26000,0.33,2700,No,1
221,138,73000,26000,0.33,2700,No,1
207,152,73000,26000,0.33,2700,No,1
248,172,73000,26000,0.33,2700,No,1
159,110,73000,26000,0.33,2700,No,1
207,138,73000,26000,0.33,2700,No,1
214,200,73000,26000,0.33,2700,No,1
172,124,73000,26000,0.33,2700,No,1
234,165,73000,26000,0.33,2700,No,1
117,48,73000,26000,0.33,2700,No,1
117,41,73000,26000,0.33,2700,No,1
117,69,73000,26000,0.33,2700,No,1
152,62,73000,26000,0.33,2700,No,1
290,152,73000,26000,0.33,2700,No,1
241,124,73000,26000,0.33,2700,No,1
207,117,73000,26000,0.33,2700,No,1
228,152,73000,26000,0.33,2700,No,1
255,207,73000,26000,0.33,2700,No,1
221,138,73000,26000,0.33,2700,No,1
234,172,73000,26000,0.33,2700,No,1
221,152,73000,26000,0.33,2700,No,1
290,262,73000,26000,0.33,2700,No,1
221,186,73000,26000,0.33,2700,No,1
248,207,73000,26000,0.33,2700,No,1
248,186,73000,26000,0.33,2700,No,1
290,241,73000,26000,0.33,2700,No,1
331,310,73000,26000,0.33,2700,No,1
165,124,73000,26000,0.33,2700,No,1
69,28,73000,26000,0.33,2700,No,1
83,76,73000,26000,0.33,2700,No,1
97,90,73000,26000,0.33,2700,No,1
110,103,73000,26000,0.33,2700,No,1
131,124,73000,26000,0.33,2700,No,1
90,34,73000,26000,0.33,2700,No,1
110,103,73000,26000,0.33,2700,No,1
124,117,73000,26000,0.33,2700,No,1
145,138,73000,26000,0.33,2700,No,1
165,152,73000,26000,0.33,2700,No,1
83,28,73000,26000,0.33,2700,No,1
97,83,73000,26000,0.33,2700,No,1
110,97,73000,26000,0.33,2700,No,1
124,110,73000,26000,0.33,2700,No,1
186,165,73000,26000,0.33,2700,No,1
379,296,73000,26000,0.33,2700,No,1
407,310,73000,26000,0.33,2700,No,1
186,97,73000,26000,0.33,2700,No,1
427,290,73000,26000,0.33,2700,No,1
427,290,73000,26000,0.33,2700,No,1
483,414,73000,26000,0.33,2700,No,1
483,414,73000,26000,0.33,2700,No,1
172,69,73000,26000,0.33,2700,No,1
434,276,73000,26000,0.33,2700,No,1
421,255,73000,26000,0.33,2700,No,1
421,255,73000,26000,0.33,2700,No,1
469,414,73000,26000,0.33,2700,No,1
469,414,73000,26000,0.33,2700,No,1
179,69,73000,26000,0.33,2700,No,1
427,276,73000,26000,0.33,2700,No,1
427,276,73000,26000,0.33,2700,No,1
421,317,73000,26000,0.33,2700,No,1
186,76,73000,26000,0.33,2700,No,1
483,345,73000,26000,0.33,2700,No,1
469,324,73000,26000,0.33,2700,No,1
469,324,73000,26000,0.33,2700,No,1
496,393,73000,26000,0.33,2700,No,1
179,76,73000,26000,0.33,2700,No,1
448,310,73000,26000,0.33,2700,No,1
441,290,73000,26000,0.33,2700,No,1
441,290,73000,26000,0.33,2700,No,1
462,365,73000,26000,0.33,2700,No,1
448,414,73000,26000,0.33,2700,No,1
448,414,73000,26000,0.33,2700,No,1
483,455,73000,26000,0.33,2700,No,1
400,255,73000,26000,0.33,2700,No,1
338,193,73000,26000,0.33,2700,No,1
296,165,73000,26000,0.33,2700,No,1
331,255,73000,26000,0.33,2700,No,1
172,76,73000,26000,0.33,2700,No,1
359,186,73000,26000,0.33,2700,No,1
359,248,73000,26000,0.33,2700,No,1
359,248,73000,26000,0.33,2700,No,1
393,317,73000,26000,0.33,2700,No,1
414,290,73000,26000,0.33,2700,No,1
455,352,73000,26000,0.33,2700,No,1
455,352,73000,26000,0.33,2700,No,1
476,393,73000,26000,0.33,2700,No,1
110,41,73000,26000,0.33,2700,No,1
131,124,73000,26000,0.33,2700,No,1
152,145,73000,26000,0.33,2700,No,1
179,172,73000,26000,0.33,2700,No,1
200,186,73000,26000,0.33,2700,No,1
110,41,73000,26000,0.33,2700,No,1
131,124,73000,26000,0.33,2700,No,1
152,145,73000,26000,0.33,2700,No,1
179,172,73000,26000,0.33,2700,No,1
200,186,73000,26000,0.33,2700,No,1
179,69,73000,26000,0.33,2700,No,1
214,172,73000,26000,0.33,2700,No,1
241,200,73000,26000,0.33,2700,No,1
262,228,73000,26000,0.33,2700,No,1
283,248,73000,26000,0.33,2700,No,1
179,69,73000,26000,0.33,2700,No,1
214,172,73000,26000,0.33,2700,No,1
241,200,73000,26000,0.33,2700,No,1
262,228,73000,26000,0.33,2700,No,1
283,248,73000,26000,0.33,2700,No,1
117,55,73000,26000,0.33,2700,No,1
152,131,73000,26000,0.33,2700,No,1
172,152,73000,26000,0.33,2700,No,1
193,172,73000,26000,0.33,2700,No,1
214,193,73000,26000,0.33,2700,No,1
179,159,73000,26000,0.33,2700,No,1
379,317,73000,26000,0.33,2700,No,1
124,41,73000,26000,0.33,2700,No,1
138,131,73000,26000,0.33,2700,No,1
159,152,73000,26000,0.33,2700,No,1
179,172,73000,26000,0.33,2700,No,1
200,193,73000,26000,0.33,2700,No,1
138,117,73000,26000,0.33,2700,No,1
159,138,73000,26000,0.33,2700,No,1
179,165,73000,26000,0.33,2700,No,1
200,186,73000,26000,0.33,2700,No,1
145,55,73000,26000,0.33,2700,No,1
172,145,73000,26000,0.33,2700,No,1
193,165,73000,26000,0.33,2700,No,1
207,179,73000,26000,0.33,2700,No,1
221,200,73000,26000,0.33,2700,No,1
193,90,73000,26000,0.33,2700,No,1
228,193,73000,26000,0.33,2700,No,1
262,214,73000,26000,0.33,2700,No,1
276,241,73000,26000,0.33,2700,No,1
290,255,73000,26000,0.33,2700,No,1
290,152,73000,26000,0.33,2700,No,1
434,407,73000,26000,0.33,2700,No,1
414,345,73000,26000,0.33,2700,No,1
290,145,73000,26000,0.33,2700,No,1
317,228,73000,26000,0.33,2700,No,1
317,228,73000,26000,0.33,2700,No,1
262,117,73000,26000,0.33,2700,No,1
290,207,73000,26000,0.33,2700,No,1
324,255,73000,26000,0.33,2700,No,1
269,131,73000,26000,0.33,2700,No,1
290,207,73000,26000,0.33,2700,No,1
241,117,73000,26000,0.33,2700,No,1
269,207,73000,26000,0.33,2700,No,1
290,228,73000,26000,0.33,2700,No,1
310,248,73000,26000,0.33,2700,No,1
331,269,73000,26000,0.33,2700,No,1
241,117,73000,26000,0.33,2700,No,1
234,172,73000,26000,0.33,2700,No,1
283,241,73000,26000,0.33,2700,No,1
283,241,73000,26000,0.33,2700,No,1
241,117,73000,26000,0.33,2700,No,1
269,207,73000,26000,0.33,2700,No,1
290,228,73000,26000,0.33,2700,No,1
310,248,73000,26000,0.33,2700,No,1
331,269,73000,26000,0.33,2700,No,1
241,117,73000,26000,0.33,2700,No,1
248,117,73000,26000,0.33,2700,No,1
276,207,73000,26000,0.33,2700,No,1
303,241,73000,26000,0.33,2700,No,1
262,179,73000,26000,0.33,2700,No,1
248,124,73000,26000,0.33,2700,No,1
310,159,73000,26000,0.33,2700,No,1
310,165,73000,26000,0.33,2700,No,1
352,255,73000,26000,0.33,2700,No,1
352,255,73000,26000,0.33,2700,No,1
131,48,73000,26000,0.33,2700,No,1
179,159,73000,26000,0.33,2700,No,1
207,186,73000,26000,0.33,2700,No,1
207,186,73000,26000,0.33,2700,No,1
193,90,73000,26000,0.33,2700,No,1
228,193,73000,26000,0.33,2700,No,1
262,214,73000,26000,0.33,2700,No,1
276,241,73000,26000,0.33,2700,No,1
290,255,73000,26000,0.33,2700,No,1
159,138,73000,26000,0.33,2700,No,1
193,165,73000,26000,0.33,2700,No,1
193,165,73000,26000,0.33,2700,No,1
124,55,73000,26000,0.33,2700,No,1
241,145,73000,26000,0.33,2700,No,1
241,145,73000,26000,0.33,2700,No,1
310,276,73000,26000,0.33,2700,No,1
310,276,73000,26000,0.33,2700,No,1
117,48,73000,26000,0.33,2700,No,1
228,131,73000,26000,0.33,2700,No,1
228,131,73000,26000,0.33,2700,No,1
290,255,73000,26000,0.33,2700,No,1
290,255,73000,26000,0.33,2700,No,1
90,48,73000,26000,0.33,2700,No,1
152,90,73000,26000,0.33,2700,No,1
172,90,73000,26000,0.33,2700,No,1
186,145,73000,26000,0.33,2700,No,1
241,214,73000,26000,0.33,2700,No,1
255,241,73000,26000,0.33,2700,No,1
207,186,73000,26000,0.33,2700,No,1
290,269,73000,26000,0.33,2700,No,1
152,83,73000,26000,0.33,2700,No,1
359,207,73000,26000,0.33,2700,No,1
359,207,73000,26000,0.33,2700,No,1
393,359,73000,26000,0.33,2700,No,1
393,359,73000,26000,0.33,2700,No,1
379,352,73000,26000,0.33,2700,No,1
97,76,73000,26000,0.33,2700,No,1
221,193,73000,26000,0.33,2700,No,1
400,379,73000,26000,0.33,2700,No,1
248,152,73000,26000,0.33,2700,No,1
310,283,73000,26000,0.33,2700,No,1
152,90,73000,26000,0.33,2700,No,1
186,145,73000,26000,0.33,2700,No,1
241,214,73000,26000,0.33,2700,No,1
517,448,73000,26000,0.33,2700,No,1
517,434,73000,26000,0.33,2700,No,1
496,434,73000,26000,0.33,2700,No,1
524,469,73000,26000,0.33,2700,No,1
552,490,73000,26000,0.33,2700,No,1
228,103,73000,26000,0.33,2700,No,1
572,503,73000,26000,0.33,2700,No,1
572,503,73000,26000,0.33,2700,No,1
221,97,73000,26000,0.33,2700,No,1
524,462,73000,26000,0.33,2700,No,1
524,462,73000,26000,0.33,2700,No,1
228,103,73000,26000,0.33,2700,No,1
607,538,73000,26000,0.33,2700,No,1
607,538,73000,26000,0.33,2700,No,1
572,503,73000,26000,0.33,2700,No,1
572,503,73000,26000,0.33,2700,No,1
221,97,73000,26000,0.33,2700,No,1
558,490,73000,26000,0.33,2700,No,1
558,490,73000,26000,0.33,2700,No,1
117,97,73000,26000,0.33,2700,No,1
276,152,73000,26000,0.33,1750,No,1
276,97,73000,26000,0.33,1750,No,1
276,83,73000,26000,0.33,1750,No,1
276,145,73000,26000,0.33,1750,No,1
276,145,73000,26000,0.33,1750,No,1
276,152,73000,26000,0.33,1750,No,1
159,110,73000,26000,0.33,1750,No,1
221,103,73000,26000,0.33,1750,No,1
186,90,73000,26000,0.33,1750,No,1
179,55,73000,26000,0.33,1750,No,1
262,193,73000,26000,0.33,1750,No,1
276,207,73000,26000,0.33,1750,No,1
207,138,73000,26000,0.33,1750,No,1
303,193,73000,26000,0.33,1750,No,1
241,152,73000,26000,0.33,1750,No,1
207,138,73000,26000,0.33,1750,No,1
310,193,73000,26000,0.33,1750,No,1
276,200,73000,26000,0.33,1750,No,1
234,159,73000,26000,0.33,1750,No,1
234,159,73000,26000,0.33,1750,No,1
234,159,73000,26000,0.33,1750,No,1
221,131,73000,26000,0.33,1750,No,1
221,131,73000,26000,0.33,1750,No,1
214,138,73000,26000,0.33,1750,No,1
241,145,73000,26000,0.33,1750,No,1
262,200,73000,26000,0.33,1750,No,1
262,200,73000,26000,0.33,1750,No,1
310,228,73000,26000,0.33,1750,No,1
379,276,73000,26000,0.33,1750,No,1
290,228,73000,26000,0.33,1750,No,1
255,179,73000,26000,0.33,1750,No,1
276,255,73000,26000,0.33,1750,No,1
352,283,73000,26000,0.33,1750,No,1
290,221,73000,26000,0.33,1750,No,1
290,221,73000,26000,0.33,1750,No,1
262,207,73000,26000,0.33,1750,No,1
234,172,73000,26000,0.33,1750,No,1
380,230,206000,80000,0.3,7860,Yes,2
360,225,206000,80000,0.3,7860,Yes,2
600,380,206000,80000,0.3,7860,Yes,3
270,280,206000,80000,0.3,7860,No,1
270,240,206000,80000,0.3,7860,No,1
270,210,206000,80000,0.3,7860,No,1
360,225,206000,80000,0.3,7860,Yes,2
360,225,206000,80000,0.3,7860,Yes,2
340,225,206000,80000,0.3,7860,Yes,2
340,225,206000,80000,0.3,7860,Yes,2
340,225,206000,80000,0.3,7860,Yes,2
340,225,206000,80000,0.3,7860,Yes,2
410,225,206000,80000,0.3,7860,Yes,2
410,265,206000,80000,0.3,7860,Yes,3
410,265,206000,80000,0.3,7860,Yes,3
410,265,206000,80000,0.3,7860,Yes,3
490,345,206000,80000,0.3,7860,Yes,5
490,345,206000,80000,0.3,7860,Yes,5
490,345,206000,80000,0.3,7860,Yes,5
490,345,206000,80000,0.3,7860,Yes,5
410,255,206000,80000,0.3,7860,Yes,3
510,345,206000,80000,0.3,7860,Yes,5
470,285,206000,80000,0.3,7860,Yes,4
570,325,206000,80000,0.3,7860,Yes,4
690,355,206000,80000,0.3,7860,No,1
420,300,206000,80000,0.3,7860,Yes,4
440,340,206000,80000,0.3,7860,Yes,5
470,290,206000,80000,0.3,7860,Yes,4
500,320,206000,80000,0.3,7860,Yes,5
550,350,206000,80000,0.3,7860,Yes,4
600,380,206000,80000,0.3,7860,Yes,3
630,400,206000,80000,0.3,7860,Yes,3
650,430,206000,80000,0.3,7860,Yes,2
700,460,206000,80000,0.3,7860,No,1
750,490,206000,80000,0.3,7860,No,1
800,520,206000,80000,0.3,7860,No,1
460,290,206000,80000,0.3,7860,Yes,4
700,490,206000,80000,0.3,7860,No,1
580,340,206000,80000,0.3,7860,Yes,4
800,590,206000,80000,0.3,7860,No,1
850,630,206000,80000,0.3,7860,No,1
900,660,206000,80000,0.3,7860,No,1
900,680,206000,80000,0.3,7860,No,1
980,680,206000,80000,0.3,7860,No,1
440,270,206000,80000,0.3,7860,Yes,3
450,295,206000,80000,0.3,7860,Yes,4
800,600,206000,80000,0.3,7860,No,1
900,650,206000,80000,0.3,7860,No,1
1000,770,206000,80000,0.3,7860,No,1
490,345,206000,80000,0.3,7860,Yes,5
490,345,206000,80000,0.3,7860,Yes,5
900,700,206000,80000,0.3,7860,No,1
480,300,206000,80000,0.3,7860,Yes,4
520,310,206000,80000,0.3,7860,Yes,4
835,590,206000,80000,0.3,7860,No,1
490,355,206000,80000,0.3,7860,Yes,5
1100,900,206000,80000,0.3,7860,No,1
1250,1050,206000,80000,0.3,7860,No,1
530,390,206000,80000,0.3,7860,Yes,4
680,585,206000,80000,0.3,7860,No,1
400,230,206000,80000,0.3,7860,Yes,2
650,450,206000,80000,0.3,7860,Yes,2
700,500,206000,80000,0.3,7860,No,1
850,650,206000,80000,0.3,7860,No,1
400,240,206000,80000,0.3,7860,Yes,2
800,600,206000,80000,0.3,7860,No,1
500,190,206000,80000,0.3,7860,No,1
500,190,206000,80000,0.3,7860,No,1
500,190,206000,80000,0.3,7860,No,1
460,180,206000,80000,0.3,7860,No,1
550,270,206000,80000,0.3,7860,Yes,3
500,200,206000,80000,0.3,7860,No,1
500,200,206000,80000,0.3,7860,No,1
500,200,206000,80000,0.3,7860,No,1
500,200,206000,80000,0.3,7860,No,1
500,200,206000,80000,0.3,7860,No,1
580,280,206000,80000,0.3,7860,Yes,3
580,280,206000,80000,0.3,7860,Yes,3
650,450,206000,80000,0.3,7860,Yes,2
680,320,206000,80000,0.3,7860,Yes,2
150,150,85000,34000,0.25,7160,No,1
200,200,85000,34000,0.25,7160,No,1
250,250,85000,34000,0.25,7160,No,1
300,300,85000,34000,0.25,7160,No,1
350,350,85000,34000,0.25,7160,No,1
500,320,169000,70000,0.2,7160,No,1
600,370,169000,70000,0.2,7160,No,1
700,420,169000,70000,0.2,7160,No,1
800,480,169000,70000,0.2,7160,No,1
400,180,160000,64000,0.27,7160,No,1
500,260,160000,64000,0.27,7160,No,1
460,375,206000,80000,0.3,7860,Yes,5
460,355,206000,80000,0.3,7860,Yes,5
580,365,206000,80000,0.3,7860,Yes,4
270,250,206000,80000,0.3,7860,No,1
270,210,206000,80000,0.3,7860,No,1
270,280,206000,80000,0.3,7860,No,1
330,195,206000,80000,0.3,7860,No,1
410,320,206000,80000,0.3,7860,Yes,4
350,225,206000,80000,0.3,7860,Yes,2
360,225,206000,80000,0.3,7860,Yes,2
340,225,206000,80000,0.3,7860,Yes,2
440,350,206000,80000,0.3,7860,Yes,5
340,225,206000,80000,0.3,7860,Yes,2
340,225,206000,80000,0.3,7860,Yes,2
410,255,206000,80000,0.3,7860,Yes,3
410,265,206000,80000,0.3,7860,Yes,3
420,265,206000,80000,0.3,7860,Yes,3
410,265,206000,80000,0.3,7860,Yes,3
470,285,206000,80000,0.3,7860,Yes,4
490,345,206000,80000,0.3,7860,Yes,5
500,345,206000,80000,0.3,7860,Yes,5
590,470,206000,80000,0.3,7860,Yes,2
570,325,206000,80000,0.3,7860,Yes,4
670,355,206000,80000,0.3,7860,Yes,2
440,275,206000,80000,0.3,7860,Yes,3
495,295,206000,80000,0.3,7860,Yes,4
500,300,206000,80000,0.3,7860,Yes,4
500,320,206000,80000,0.3,7860,Yes,5
550,350,206000,80000,0.3,7860,Yes,4
600,370,206000,80000,0.3,7860,Yes,3
580,360,206000,80000,0.3,7860,Yes,4
630,400,206000,80000,0.3,7860,Yes,3
535,320,206000,80000,0.3,7860,Yes,5
650,430,206000,80000,0.3,7860,Yes,2
660,410,206000,80000,0.3,7860,Yes,2
700,460,206000,80000,0.3,7860,No,1
690,430,206000,80000,0.3,7860,No,1
750,500,206000,80000,0.3,7860,No,1
680,400,206000,80000,0.3,7860,Yes,2
800,520,206000,80000,0.3,7860,No,1
800,520,206000,80000,0.3,7860,No,1
460,290,206000,80000,0.3,7860,Yes,4
690,490,206000,80000,0.3,7860,No,1
590,340,206000,80000,0.3,7860,Yes,3
800,590,206000,80000,0.3,7860,No,1
850,630,206000,80000,0.3,7860,No,1
850,630,206000,80000,0.3,7860,No,1
1700,1300,206000,80000,0.3,7860,No,1
830,630,206000,80000,0.3,7860,No,1
900,660,206000,80000,0.3,7860,No,1
880,670,206000,80000,0.3,7860,No,1
850,630,206000,80000,0.3,7860,No,1
880,665,206000,80000,0.3,7860,No,1
1450,1270,206000,80000,0.3,7860,No,1
900,680,206000,80000,0.3,7860,No,1
980,680,206000,80000,0.3,7860,No,1
1370,1180,206000,80000,0.3,7860,No,1
440,270,206000,80000,0.3,7860,Yes,3
450,295,206000,80000,0.3,7860,Yes,4
490,345,206000,80000,0.3,7860,Yes,5
800,600,206000,80000,0.3,7860,No,1
900,650,206000,80000,0.3,7860,No,1
1000,750,206000,80000,0.3,7860,No,1
980,760,206000,80000,0.3,7860,No,1
880,690,206000,80000,0.3,7860,No,1
800,600,206000,80000,0.3,7860,No,1
980,850,206000,80000,0.3,7860,No,1
980,850,206000,80000,0.3,7860,No,1
1370,1180,206000,80000,0.3,7860,No,1
480,300,206000,80000,0.3,7860,Yes,4
930,735,206000,80000,0.3,7860,No,1
1230,1030,206000,80000,0.3,7860,No,1
1000,750,206000,80000,0.3,7860,No,1
1080,785,206000,80000,0.3,7860,No,1
490,355,206000,80000,0.3,7860,Yes,5
1100,900,206000,80000,0.3,7860,No,1
1250,1050,206000,80000,0.3,7860,No,1
530,390,206000,80000,0.3,7860,Yes,4
680,585,206000,80000,0.3,7860,No,1
400,250,206000,80000,0.3,7860,Yes,3
450,270,206000,80000,0.3,7860,Yes,3
600,420,206000,80000,0.3,7860,Yes,3
650,450,206000,80000,0.3,7860,Yes,2
800,600,206000,80000,0.3,7860,No,1
900,700,206000,80000,0.3,7860,No,1
400,250,206000,80000,0.3,7860,Yes,3
750,550,206000,80000,0.3,7860,No,1
1000,800,206000,80000,0.3,7860,No,1
500,195,206000,80000,0.3,7860,No,1
500,195,206000,80000,0.3,7860,No,1
500,200,206000,80000,0.3,7860,No,1
460,180,206000,80000,0.3,7860,No,1
550,270,206000,80000,0.3,7860,Yes,3
510,205,206000,80000,0.3,7860,No,1
500,210,206000,80000,0.3,7860,No,1
490,190,206000,80000,0.3,7860,No,1
490,190,206000,80000,0.3,7860,No,1
510,205,206000,80000,0.3,7860,No,1
580,280,206000,80000,0.3,7860,Yes,3
580,295,206000,80000,0.3,7860,Yes,4
580,285,206000,80000,0.3,7860,Yes,4
590,295,206000,80000,0.3,7860,Yes,3
950,580,206000,80000,0.3,7860,No,1
150,150,85000,34000,0.25,7160,No,1
200,200,85000,34000,0.25,7160,No,1
250,250,85000,34000,0.25,7160,No,1
300,300,85000,34000,0.25,7160,No,1
350,350,85000,34000,0.25,7160,No,1
500,320,169000,70000,0.2,7160,No,1
600,370,169000,70000,0.2,7160,No,1
700,420,169000,70000,0.2,7160,No,1
800,480,169000,70000,0.2,7160,No,1
400,180,160000,64000,0.27,7160,No,1
500,260,160000,64000,0.27,7160,No,1
430,300,206000,80000,0.3,7860,Yes,4
635,370,206000,80000,0.3,7860,Yes,2
280,140,206000,80000,0.3,7860,No,1
280,140,206000,80000,0.3,7860,No,1
280,140,206000,80000,0.3,7860,No,1
420,355,206000,80000,0.3,7860,Yes,4
360,215,206000,80000,0.3,7860,Yes,2
360,225,206000,80000,0.3,7860,Yes,2
450,360,206000,80000,0.3,7860,Yes,5
340,225,206000,80000,0.3,7860,Yes,2
340,225,206000,80000,0.3,7860,Yes,2
410,225,206000,80000,0.3,7860,Yes,2
430,245,206000,80000,0.3,7860,Yes,2
460,280,206000,80000,0.3,7860,Yes,3
430,245,206000,80000,0.3,7860,Yes,2
490,355,206000,80000,0.3,7860,Yes,5
490,355,206000,80000,0.3,7860,Yes,5
490,355,206000,80000,0.3,7860,Yes,5
540,340,206000,80000,0.3,7860,Yes,4
600,480,206000,80000,0.3,7860,Yes,2
550,430,206000,80000,0.3,7860,Yes,3
550,430,206000,80000,0.3,7860,Yes,3
490,245,206000,80000,0.3,7860,Yes,2
550,310,206000,80000,0.3,7860,Yes,4
625,370,206000,80000,0.3,7860,Yes,3
625,370,206000,80000,0.3,7860,Yes,3
625,355,206000,80000,0.3,7860,Yes,3
625,340,206000,80000,0.3,7860,Yes,3
700,400,206000,80000,0.3,7860,No,1
625,360,206000,80000,0.3,7860,Yes,3
775,450,206000,80000,0.3,7860,No,1
775,450,206000,80000,0.3,7860,No,1
550,325,206000,80000,0.3,7860,Yes,4
1300,1100,206000,80000,0.3,7860,No,1
700,510,206000,80000,0.3,7860,No,1
775,570,206000,80000,0.3,7860,No,1
850,665,206000,80000,0.3,7860,No,1
1380,1180,206000,80000,0.3,7860,No,1
850,665,206000,80000,0.3,7860,No,1
850,665,206000,80000,0.3,7860,No,1
850,665,206000,80000,0.3,7860,No,1
925,740,206000,80000,0.3,7860,No,1
1370,1180,206000,80000,0.3,7860,No,1
775,570,206000,80000,0.3,7860,No,1
850,665,206000,80000,0.3,7860,No,1
850,685,206000,80000,0.3,7860,No,1
1075,925,206000,80000,0.3,7860,No,1
420,245,206000,80000,0.3,7860,Yes,2
550,340,206000,80000,0.3,7860,Yes,4
700,490,206000,80000,0.3,7860,No,1
430,245,206000,80000,0.3,7860,Yes,2
900,685,206000,80000,0.3,7860,No,1
850,635,206000,80000,0.3,7860,No,1
480,195,206000,80000,0.3,7860,No,1
510,190,206000,80000,0.3,7860,No,1
490,195,206000,80000,0.3,7860,No,1
480,180,206000,80000,0.3,7860,No,1
510,205,206000,80000,0.3,7860,No,1
490,190,206000,80000,0.3,7860,No,1
510,205,206000,80000,0.3,7860,No,1
950,580,206000,80000,0.3,7860,No,1
150,150,85000,34000,0.25,7160,No,1
200,200,85000,34000,0.25,7160,No,1
250,250,85000,34000,0.25,7160,No,1
300,300,85000,34000,0.25,7160,No,1
350,350,85000,34000,0.25,7160,No,1
500,320,169000,70000,0.2,7160,No,1
600,370,169000,70000,0.2,7160,No,1
700,420,169000,70000,0.2,7160,No,1
800,480,169000,70000,0.2,7160,No,1
400,180,160000,64000,0.27,7160,No,1
500,260,160000,64000,0.27,7160,No,1
350,200,206000,80000,0.3,7860,No,1
400,226,206000,80000,0.3,7860,Yes,2
471,373,206000,80000,0.3,7860,Yes,5
400,255,206000,80000,0.3,7860,Yes,3
660,520,206000,80000,0.3,7860,No,1
280,200,206000,80000,0.3,7860,No,1
290,215,206000,80000,0.3,7860,No,1
280,200,206000,80000,0.3,7860,No,1
330,195,206000,80000,0.3,7860,No,1
340,225,206000,80000,0.3,7860,Yes,2
350,225,206000,80000,0.3,7860,Yes,2
340,225,206000,80000,0.3,7860,Yes,2
360,235,206000,80000,0.3,7860,Yes,2
410,255,206000,80000,0.3,7860,Yes,3
420,240,206000,80000,0.3,7860,Yes,2
430,285,206000,80000,0.3,7860,Yes,4
440,265,206000,80000,0.3,7860,Yes,3
490,265,206000,80000,0.3,7860,Yes,3
490,340,206000,80000,0.3,7860,Yes,5
510,345,206000,80000,0.3,7860,Yes,5
590,315,206000,80000,0.3,7860,Yes,3
590,315,206000,80000,0.3,7860,Yes,3
686,355,206000,80000,0.3,7860,No,1
686,355,206000,80000,0.3,7860,No,1
490,325,206000,80000,0.3,7860,Yes,5
550,350,206000,80000,0.3,7860,Yes,4
490,295,206000,80000,0.3,7860,Yes,4
480,300,206000,80000,0.3,7860,Yes,4
500,320,206000,80000,0.3,7860,Yes,5
550,350,206000,80000,0.3,7860,Yes,4
600,370,206000,80000,0.3,7860,Yes,3
630,400,206000,80000,0.3,7860,Yes,3
530,305,206000,80000,0.3,7860,Yes,4
640,390,206000,80000,0.3,7860,Yes,2
690,440,206000,80000,0.3,7860,No,1
750,480,206000,80000,0.3,7860,No,1
800,500,206000,80000,0.3,7860,No,1
1770,1470,206000,80000,0.3,7860,No,1
460,285,206000,80000,0.3,7860,Yes,4
690,490,206000,80000,0.3,7860,No,1
1570,1320,206000,80000,0.3,7860,No,1
670,430,206000,80000,0.3,7860,Yes,2
680,440,206000,80000,0.3,7860,Yes,2
780,540,206000,80000,0.3,7860,No,1
880,685,206000,80000,0.3,7860,No,1
1270,1080,206000,80000,0.3,7860,No,1
1420,1210,206000,80000,0.3,7860,No,1
588,343,206000,80000,0.3,7860,Yes,3
883,637,206000,80000,0.3,7860,No,1
932,785,206000,80000,0.3,7860,No,1
1716,1373,206000,80000,0.3,7860,No,1
883,687,206000,80000,0.3,7860,No,1
932,785,206000,80000,0.3,7860,No,1
657,490,206000,80000,0.3,7860,Yes,2
900,680,206000,80000,0.3,7860,No,1
785,588,206000,80000,0.3,7860,No,1
981,686,206000,80000,0.3,7860,No,1
883,687,206000,80000,0.3,7860,No,1
981,794,206000,80000,0.3,7860,No,1
1370,1175,206000,80000,0.3,7860,No,1
1470,1275,206000,80000,0.3,7860,No,1
440,265,206000,80000,0.3,7860,Yes,3
430,295,206000,80000,0.3,7860,Yes,4
470,345,206000,80000,0.3,7860,Yes,5
690,490,206000,80000,0.3,7860,No,1
930,735,206000,80000,0.3,7860,No,1
880,665,206000,80000,0.3,7860,No,1
1000,750,206000,80000,0.3,7860,No,1
470,345,206000,80000,0.3,7860,Yes,5
690,490,206000,80000,0.3,7860,No,1
1000,850,206000,80000,0.3,7860,No,1
780,635,206000,80000,0.3,7860,No,1
1177,981,206000,80000,0.3,7860,No,1
1716,1373,206000,80000,0.3,7860,No,1
1177,981,206000,80000,0.3,7860,No,1
900,700,206000,80000,0.3,7860,No,1
480,265,206000,80000,0.3,7860,Yes,3
834,637,206000,80000,0.3,7860,No,1
981,785,206000,80000,0.3,7860,No,1
690,490,206000,80000,0.3,7860,No,1
883,637,206000,80000,0.3,7860,No,1
835,590,206000,80000,0.3,7860,No,1
880,635,206000,80000,0.3,7860,No,1
1080,785,206000,80000,0.3,7860,No,1
440,285,206000,80000,0.3,7860,Yes,4
1100,900,206000,80000,0.3,7860,No,1
932,785,206000,80000,0.3,7860,No,1
1080,880,206000,80000,0.3,7860,No,1
590,390,206000,80000,0.3,7860,Yes,3
1569,1275,206000,80000,0.3,7860,No,1
441,245,206000,80000,0.3,7860,Yes,2
590,415,206000,80000,0.3,7860,Yes,3
690,455,206000,80000,0.3,7860,No,1
740,495,206000,80000,0.3,7860,No,1
440,265,206000,80000,0.3,7860,Yes,3
440,295,206000,80000,0.3,7860,Yes,4
441,245,206000,80000,0.3,7860,Yes,2
930,685,206000,80000,0.3,7860,No,1
460,270,206000,80000,0.3,7860,Yes,3
800,560,206000,80000,0.3,7860,No,1
900,650,206000,80000,0.3,7860,No,1
490,186,206000,80000,0.3,7860,No,1
530,195,206000,80000,0.3,7860,No,1
500,190,206000,80000,0.3,7860,No,1
550,210,206000,80000,0.3,7860,No,1
500,195,206000,80000,0.3,7860,No,1
500,205,206000,80000,0.3,7860,No,1
440,175,206000,80000,0.3,7860,No,1
650,350,206000,80000,0.3,7860,Yes,2
700,350,206000,80000,0.3,7860,No,1
600,250,206000,80000,0.3,7860,Yes,3
500,230,206000,80000,0.3,7860,Yes,2
540,265,206000,80000,0.3,7860,Yes,3
550,230,206000,80000,0.3,7860,Yes,2
550,205,206000,80000,0.3,7860,No,1
550,215,206000,80000,0.3,7860,Yes,2
540,275,206000,80000,0.3,7860,Yes,3
635,295,206000,80000,0.3,7860,Yes,2
980,590,206000,80000,0.3,7860,No,1
640,490,206000,80000,0.3,7860,Yes,2
360,240,169000,70000,0.2,7160,No,1
420,270,169000,70000,0.2,7160,No,1
500,320,169000,70000,0.2,7160,No,1
600,370,169000,70000,0.2,7160,No,1
700,420,169000,70000,0.2,7160,No,1
800,480,169000,70000,0.2,7160,No,1
100,100,80000,32000,0.25,7160,No,1
150,150,85000,34000,0.25,7160,No,1
200,200,91000,36400,0.25,7160,No,1
250,250,105000,42000,0.25,7160,No,1
300,300,110000,44000,0.25,7160,No,1
350,350,115000,46000,0.25,7160,No,1
400,180,160000,64000,0.27,7160,No,1
580,300,160000,64000,0.27,7160,No,1
363,200,206000,80000,0.3,7160,No,1
441,240,206000,80000,0.3,7160,Yes,2
490,260,206000,80000,0.3,7160,Yes,3
588,300,206000,80000,0.3,7160,Yes,3
686,350,206000,80000,0.3,7160,No,1
530,300,206000,80000,0.3,7160,Yes,4
422,250,206000,80000,0.3,7160,Yes,3
490,290,206000,80000,0.3,7160,Yes,4
637,420,206000,80000,0.3,7160,Yes,2
785,520,206000,80000,0.3,7160,No,1
830,550,206000,80000,0.3,7160,No,1
981,650,206000,80000,0.3,7160,No,1
550,390,206000,80000,0.3,7160,Yes,4
500,320,206000,80000,0.3,7160,Yes,4
380,265,120000,45000,0.31,8800,No,1
380,265,120000,45000,0.31,8800,No,1
380,265,120000,45000,0.31,8800,No,1
380,265,120000,45000,0.31,8800,No,1
180,160,105000,40000,0.31,8800,No,1
180,160,105000,40000,0.31,8800,No,1
180,160,105000,40000,0.31,8800,No,1
150,120,105000,40000,0.31,8800,No,1
170,100,105000,40000,0.31,8800,No,1
400,130,120000,45000,0.32,8800,No,1
400,130,120000,45000,0.32,8800,No,1
330,100,100000,37000,0.34,8500,No,1
330,100,100000,37000,0.34,8500,No,1
330,100,100000,37000,0.34,8500,No,1
330,100,100000,37000,0.34,8500,No,1
350,255,100000,37000,0.34,8500,No,1
600,350,100000,37000,0.34,8500,No,1
400,230,73000,26000,0.33,2700,No,1
430,230,73000,26000,0.33,2700,No,1
430,230,73000,26000,0.33,2700,No,1
340,190,73000,26000,0.33,2700,No,1
280,100,73000,26000,0.33,2700,No,1
200,110,73000,26000,0.33,2700,No,1
200,110,73000,26000,0.33,2700,No,1
360,235,201000,78000,0.29,7856,Yes,2
370,245,201000,78000,0.29,7856,Yes,2
380,255,201000,78000,0.29,7856,Yes,3
400,255,201000,78000,0.29,7856,Yes,3
410,265,201000,78000,0.29,7856,Yes,3
410,265,201000,78000,0.29,7856,Yes,3
490,285,201000,78000,0.29,7856,Yes,3
490,295,201000,78000,0.29,7856,Yes,3
590,315,201000,78000,0.29,7856,Yes,3
600,320,201000,78000,0.29,7856,Yes,3
360,225,206000,80000,0.3,7860,Yes,2
370,235,206000,80000,0.3,7860,Yes,2
370,245,206000,80000,0.3,7860,Yes,2
390,265,206000,80000,0.3,7860,Yes,3
450,325,206000,80000,0.3,7860,Yes,5
480,335,206000,80000,0.3,7860,Yes,5
320,196,203000,78000,0.3,7871,No,1
330,205,206000,79000,0.3,7856,No,1
400,250,206000,79000,0.3,7856,Yes,3
410,250,206000,79000,0.3,7856,Yes,3
290,190,206000,79000,0.3,7856,No,1
370,225,201000,78000,0.29,7850,Yes,2
450,250,201000,78000,0.29,7850,Yes,3
440,340,201000,78000,0.29,7850,Yes,3
340,220,201000,78000,0.29,7850,Yes,2
410,245,212000,82000,0.29,7859,Yes,2
500,300,212000,82000,0.29,7859,Yes,3
490,300,212000,82000,0.29,7859,Yes,3
390,240,212000,82000,0.29,7859,Yes,2
450,275,198000,77000,0.29,7820,Yes,1
550,350,198000,77000,0.29,7820,Yes,1
540,350,198000,77000,0.29,7820,Yes,1
410,270,198000,77000,0.29,7820,Yes,1
490,295,200000,77000,0.3,7850,Yes,2
600,350,200000,77000,0.3,7850,Yes,2
560,340,200000,77000,0.3,7850,Yes,2
440,290,200000,77000,0.3,7850,Yes,2
575,295,200000,77000,0.3,7850,Yes,2
530,315,206000,79000,0.3,7826,Yes,4
650,380,206000,79000,0.3,7826,Yes,2
1000,650,206000,79000,0.3,7826,No,1
590,350,206000,79000,0.3,7826,Yes,3
470,310,206000,79000,0.3,7826,Yes,4
625,315,206000,79000,0.3,7826,Yes,3
570,335,212000,82000,0.29,7850,Yes,3
700,400,212000,82000,0.29,7850,No,1
1000,650,212000,82000,0.29,7850,No,1
610,380,212000,82000,0.29,7850,Yes,3
510,330,212000,82000,0.29,7850,Yes,3
675,355,212000,82000,0.29,7850,Yes,2
600,355,200000,77000,0.3,7810,Yes,2
750,450,200000,77000,0.3,7810,No,1
900,650,200000,77000,0.3,7810,No,1
1000,700,200000,77000,0.3,7810,No,1
1200,950,200000,77000,0.3,7810,No,1
750,450,200000,77000,0.3,7810,No,1
640,440,200000,77000,0.3,7810,Yes,2
540,350,200000,77000,0.3,7810,Yes,2
705,375,200000,77000,0.3,7810,No,1
600,355,216000,83000,0.3,7810,Yes,1
900,700,216000,83000,0.3,7810,No,1
660,450,216000,83000,0.3,7810,Yes,1
560,370,216000,83000,0.3,7810,Yes,1
725,400,216000,83000,0.3,7810,No,1
630,375,210000,81000,0.3,7820,Yes,3
775,420,210000,81000,0.3,7820,No,1
680,400,204000,79000,0.29,7810,Yes,2
825,450,204000,79000,0.29,7810,No,1
460,280,204000,79000,0.29,7820,Yes,3
570,420,204000,79000,0.29,7820,Yes,4
550,320,200000,77000,0.3,7810,Yes,2
680,560,200000,77000,0.3,7810,No,1
600,360,204000,79000,0.29,7810,Yes,3
840,590,204000,79000,0.29,7810,No,1
660,400,216000,84000,0.29,7810,Yes,1
820,560,216000,84000,0.29,7810,No,1
750,440,215000,83000,0.3,7850,No,1
900,700,215000,83000,0.3,7850,No,1
1500,1250,215000,83000,0.3,7850,No,1
490,390,216000,83000,0.3,7860,Yes,1
510,390,216000,83000,0.3,7860,Yes,1
460,390,216000,83000,0.3,7860,Yes,1
530,390,216000,83000,0.3,7860,Yes,1
540,390,216000,83000,0.3,7860,Yes,1
570,390,216000,83000,0.3,7860,Yes,1
690,490,206000,80000,0.29,7860,No,1
780,635,216000,83000,0.3,7830,No,1
600,300,216000,83000,0.3,7830,Yes,1
700,500,216000,83000,0.3,7830,No,1
850,630,216000,83000,0.3,7830,No,1
880,685,208000,80000,0.3,7820,No,1
910,735,214000,83000,0.29,7850,No,1
980,785,214000,83000,0.29,7850,No,1
630,330,214000,83000,0.29,7850,Yes,2
800,650,214000,83000,0.29,7850,No,1
1100,900,214000,83000,0.29,7850,No,1
1300,1100,214000,83000,0.29,7850,No,1
1030,835,206000,79000,0.3,7820,No,1
650,350,206000,79000,0.3,7820,Yes,2
950,750,206000,79000,0.3,7820,No,1
1400,1200,206000,79000,0.3,7820,No,1
1080,885,207000,80000,0.29,7860,No,1
650,350,207000,80000,0.29,7860,Yes,2
1500,1300,207000,80000,0.29,7860,No,1
430,250,204000,79000,0.29,7790,Yes,3
630,370,204000,79000,0.29,7790,Yes,3
800,650,204000,79000,0.29,7790,No,1
670,390,212000,82000,0.29,7800,Yes,2
1120,950,212000,82000,0.29,7800,No,1
700,410,204000,79000,0.29,7810,No,1
850,700,204000,79000,0.29,7810,No,1
600,300,214000,83000,0.29,7640,Yes,2
900,700,214000,83000,0.29,7640,No,1
950,750,211000,82000,0.29,7640,No,1
930,735,208000,80000,0.3,7820,No,1
950,750,208000,80000,0.3,7820,No,1
930,835,213000,82000,0.3,7820,No,1
1000,850,213000,82000,0.3,7820,No,1
1600,1400,213000,82000,0.3,7820,No,1
800,735,213000,82000,0.3,7820,No,1
700,430,211000,82000,0.29,7800,No,1
1000,800,211000,82000,0.29,7800,No,1
1250,1050,212000,82000,0.29,7800,No,1
1100,800,212000,82000,0.29,7800,No,1
780,635,213000,82000,0.3,7760,No,1
800,650,213000,82000,0.3,7760,No,1
1300,1200,213000,82000,0.3,7800,No,1
1450,1400,213000,82000,0.3,7800,No,1
900,750,215000,83000,0.3,7810,No,1
1600,1300,215000,83000,0.3,7810,No,1
1080,835,213000,82000,0.3,7850,No,1
780,590,200000,77000,0.3,7850,No,1
980,785,200000,77000,0.3,7850,No,1
780,460,200000,77000,0.3,7850,No,1
1200,1000,200000,77000,0.3,7850,No,1
1030,835,200000,77000,0.3,7820,No,1
1080,885,200000,77000,0.3,7860,No,1
980,785,215000,83000,0.3,7850,No,1
800,600,211000,82000,0.29,7880,No,1
800,600,211000,82000,0.29,7880,No,1
950,700,200000,77000,0.3,7850,No,1
1000,850,200000,77000,0.3,7850,No,1
680,450,203000,78000,0.3,7850,Yes,2
1100,850,203000,78000,0.3,7850,No,1
1300,1100,203000,78000,0.3,7850,No,1
600,360,213000,82000,0.3,7850,Yes,3
1100,850,215000,83000,0.3,7850,No,1
1500,1300,215000,83000,0.3,7850,No,1
800,700,215000,83000,0.3,7850,No,1
930,785,206000,80000,0.29,7860,No,1
980,835,206000,80000,0.3,7860,No,1
410,235,212000,82000,0.29,7850,Yes,2
470,255,198000,77000,0.29,7800,Yes,1
780,665,200000,77000,0.3,7800,No,1
780,665,200000,77000,0.3,7800,No,1
880,735,213000,82000,0.3,7840,No,1
780,665,213000,82000,0.3,7840,No,1
640,440,200000,77000,0.3,7850,Yes,2
880,735,207000,80000,0.29,7800,No,1
390,165,215000,83000,0.3,7630,No,1
390,215,211000,82000,0.29,7750,Yes,2
390,215,200000,77000,0.3,7850,Yes,2
390,165,200000,77000,0.3,7850,No,1
930,735,200000,77000,0.3,7850,No,1
1130,885,200000,77000,0.3,7850,No,1
880,590,200000,77000,0.3,8120,No,1
980,685,200000,77000,0.3,8120,No,1
510,196,215000,83000,0.3,7630,No,1
540,196,195000,75000,0.3,7900,No,1
540,196,200000,77000,0.3,7850,No,1
690,325,216000,84000,0.29,7670,No,1
475,230,206000,80000,0.29,7860,Yes,2
450,210,206000,80000,0.29,7860,No,1
625,350,206000,80000,0.29,7860,Yes,3
575,300,206000,80000,0.29,7860,Yes,4
495,260,206000,80000,0.29,7860,Yes,3
495,240,206000,80000,0.29,7860,Yes,2
475,220,206000,80000,0.29,7860,Yes,2
625,370,206000,80000,0.29,7860,Yes,3
575,320,206000,80000,0.29,7860,Yes,4
540,280,206000,80000,0.29,7860,Yes,3
540,250,206000,80000,0.29,7860,Yes,3
520,230,206000,80000,0.29,7860,Yes,2
675,400,206000,80000,0.29,7860,Yes,2
625,350,206000,80000,0.29,7860,Yes,3
575,300,206000,80000,0.29,7860,Yes,4
575,300,206000,80000,0.29,7860,Yes,4
575,270,206000,80000,0.29,7860,Yes,3
555,245,206000,80000,0.29,7860,Yes,2
705,430,206000,80000,0.29,7860,No,1
675,370,206000,80000,0.29,7860,Yes,2
625,320,206000,80000,0.29,7860,Yes,3
625,320,206000,80000,0.29,7860,Yes,3
625,290,206000,80000,0.29,7860,Yes,3
605,260,206000,80000,0.29,7860,Yes,3
725,460,206000,80000,0.29,7860,No,1
705,400,206000,80000,0.29,7860,No,1
675,350,206000,80000,0.29,7860,Yes,2
675,340,206000,80000,0.29,7860,Yes,2
675,305,206000,80000,0.29,7860,Yes,2
655,275,206000,80000,0.29,7860,Yes,2
775,500,206000,80000,0.29,7860,No,1
725,430,206000,80000,0.29,7860,No,1
705,370,206000,80000,0.29,7860,No,1
710,355,206000,80000,0.29,7860,No,1
710,320,206000,80000,0.29,7860,No,1
690,290,206000,80000,0.29,7860,No,1
825,520,206000,80000,0.29,7860,No,1
775,460,206000,80000,0.29,7860,No,1
725,400,206000,80000,0.29,7860,No,1
750,370,206000,80000,0.29,7860,No,1
750,330,206000,80000,0.29,7860,No,1
730,300,206000,80000,0.29,7860,No,1
875,550,206000,80000,0.29,7860,No,1
825,500,206000,80000,0.29,7860,No,1
775,430,206000,80000,0.29,7860,No,1
785,380,206000,80000,0.29,7860,No,1
785,340,206000,80000,0.29,7860,No,1
755,310,206000,80000,0.29,7860,No,1
925,580,206000,80000,0.29,7860,No,1
875,520,206000,80000,0.29,7860,No,1
825,450,206000,80000,0.29,7860,No,1
925,650,206000,80000,0.29,7860,No,1
825,550,206000,80000,0.29,7860,No,1
725,410,206000,80000,0.29,7860,No,1
1050,750,206000,80000,0.29,7860,No,1
925,630,206000,80000,0.29,7860,No,1
825,510,206000,80000,0.29,7860,No,1
1100,800,206000,80000,0.29,7860,No,1
1000,660,206000,80000,0.29,7860,No,1
875,560,206000,80000,0.29,7860,No,1
392,196,200000,77000,0.3,7820,No,1
412,216,200000,77000,0.3,7820,Yes,2
441,235,205000,79000,0.3,7830,Yes,2
471,255,210000,81000,0.3,7810,Yes,3
491,275,212000,82000,0.29,7830,Yes,3
520,294,215000,83000,0.3,7810,Yes,2
540,314,215000,83000,0.3,7800,Yes,2
569,334,219000,85000,0.29,7820,No,1
540,275,200000,77000,0.3,7820,Yes,2
540,294,200000,77000,0.3,7820,Yes,2
589,343,200000,77000,0.3,7820,Yes,2
540,294,200000,77000,0.3,7820,Yes,2
589,343,200000,77000,0.3,7820,Yes,2
638,392,200000,77000,0.3,7820,Yes,2
510,314,200000,77000,0.3,7820,Yes,2
491,294,200000,77000,0.3,7820,Yes,2
589,392,200000,77000,0.3,7820,Yes,2
589,392,200000,77000,0.3,7820,Yes,2
441,245,215000,83000,0.3,7800,Yes,2
491,275,200000,77000,0.3,7820,Yes,2
589,491,200000,77000,0.3,7820,Yes,2
589,392,215000,83000,0.3,7840,Yes,2
687,540,200000,77000,0.3,7820,No,1
589,343,215000,83000,0.3,7800,Yes,2
785,589,215000,83000,0.3,7800,No,1
491,392,200000,77000,0.3,7820,Yes,2
441,343,212000,82000,0.29,7820,Yes,3
491,392,200000,77000,0.3,7820,Yes,2
638,540,200000,77000,0.3,7820,No,1
491,294,205000,79000,0.3,7830,Yes,4
491,294,205000,79000,0.3,7810,Yes,4
540,343,205000,79000,0.3,7830,Yes,4
540,343,205000,79000,0.3,7810,Yes,4
589,392,205000,79000,0.3,7800,Yes,3
736,392,205000,79000,0.3,7820,No,1
530,334,205000,79000,0.3,7820,Yes,5
589,343,200000,77000,0.3,7820,Yes,2
638,392,200000,77000,0.3,7820,Yes,2
785,589,200000,77000,0.3,7820,No,1
687,491,200000,77000,0.3,7820,No,1
638,441,200000,77000,0.3,7820,Yes,2
638,491,205000,79000,0.3,7850,Yes,2
687,589,200000,77000,0.3,7820,No,1
687,540,205000,79000,0.3,7840,No,1
785,638,205000,79000,0.3,7820,No,1
785,589,205000,79000,0.3,7800,No,1
736,589,200000,77000,0.3,7820,No,1
638,540,200000,77000,0.3,7820,No,1
785,638,200000,77000,0.3,7820,No,1
981,735,200000,77000,0.3,7820,No,1
1275,1079,200000,77000,0.3,7820,No,1
1324,1079,200000,77000,0.3,7820,No,1
638,491,200000,77000,0.3,7820,Yes,2
1275,1079,200000,77000,0.3,7820,No,1
1472,1177,200000,77000,0.3,7820,No,1
1766,1472,200000,77000,0.3,7820,No,1
1324,1275,200000,77000,0.3,7820,No,1
1472,1422,200000,77000,0.3,7820,No,1
638,491,219000,85000,0.29,7840,No,1
1270,1080,206000,80000,0.3,7860,No,1
1270,1175,206000,80000,0.3,7860,No,1
1270,1175,206000,80000,0.3,7860,No,1
1420,1325,206000,80000,0.3,7860,No,1
100,50,90000,36000,0.25,6800,No,1
150,75,90000,36000,0.25,7000,No,1
180,90,95000,38000,0.25,7050,No,1
200,100,100000,40000,0.25,7100,No,1
210,105,100000,40000,0.25,7150,No,1
240,120,105000,42000,0.25,7200,No,1
250,125,110000,44000,0.25,7200,No,1
300,150,120000,48000,0.25,7300,No,1
350,175,125000,50000,0.25,7400,No,1
350,220,170000,70000,0.21,7160,No,1
400,250,170000,70000,0.21,7160,No,1
450,310,170000,70000,0.21,7160,No,1
500,320,170000,70000,0.21,7160,No,1
600,370,180000,75000,0.2,7160,No,1
700,420,180000,75000,0.2,7160,No,1
800,480,180000,75000,0.2,7160,No,1
1000,700,185000,77000,0.2,7160,No,1
294,170,160000,64000,0.25,7160,No,1
323,190,160000,64000,0.25,7160,No,1
333,190,160000,64000,0.25,7160,No,1
362,210,160000,64000,0.25,7160,No,1
441,260,160000,64000,0.25,7160,No,1
490,290,160000,64000,0.25,7160,No,1
539,325,160000,64000,0.25,7160,No,1
588,350,160000,64000,0.25,7160,No,1
637,380,160000,64000,0.25,7160,No,1
686,410,160000,64000,0.25,7160,No,1
784,470,160000,64000,0.25,7160,No,1
400,180,160000,64000,0.25,7160,No,1
360,240,206000,80000,0.3,7860,Yes,2
630,370,206000,80000,0.3,7860,Yes,3
270,180,206000,80000,0.3,7860,No,1
270,240,206000,80000,0.3,7860,No,1
270,225,206000,80000,0.3,7860,No,1
330,155,206000,80000,0.3,7860,No,1
360,235,206000,80000,0.3,7860,Yes,2
410,255,206000,80000,0.3,7860,Yes,3
340,215,206000,80000,0.3,7860,Yes,2
340,215,206000,80000,0.3,7860,Yes,2
400,275,206000,80000,0.3,7860,Yes,3
400,255,206000,80000,0.3,7860,Yes,3
490,295,206000,80000,0.3,7860,Yes,4
490,355,206000,80000,0.3,7860,Yes,5
490,355,206000,80000,0.3,7860,Yes,5
590,335,206000,80000,0.3,7860,Yes,3
690,365,206000,80000,0.3,7860,No,1
490,350,206000,80000,0.3,7860,Yes,5
690,500,206000,80000,0.3,7860,No,1
440,270,206000,80000,0.3,7860,Yes,3
490,305,206000,80000,0.3,7860,Yes,4
570,365,206000,80000,0.3,7860,Yes,4
630,400,206000,80000,0.3,7860,Yes,3
670,430,206000,80000,0.3,7860,Yes,2
670,430,206000,80000,0.3,7860,Yes,2
710,460,206000,80000,0.3,7860,No,1
670,430,206000,80000,0.3,7860,Yes,2
750,490,206000,80000,0.3,7860,No,1
710,410,206000,80000,0.3,7860,No,1
750,490,206000,80000,0.3,7860,No,1
470,290,206000,80000,0.3,7860,Yes,4
670,500,206000,80000,0.3,7860,No,1
1500,1350,206000,80000,0.3,7860,No,1
780,590,206000,80000,0.3,7860,No,1
830,620,206000,80000,0.3,7860,No,1
880,600,206000,80000,0.3,7860,No,1
880,715,206000,80000,0.3,7860,No,1
880,685,206000,80000,0.3,7860,No,1
980,700,206000,80000,0.3,7860,No,1
1200,850,206000,80000,0.3,7860,No,1
1370,1180,206000,80000,0.3,7860,No,1
440,270,206000,80000,0.3,7860,Yes,3
450,295,206000,80000,0.3,7860,Yes,4
780,600,206000,80000,0.3,7860,No,1
880,700,206000,80000,0.3,7860,No,1
980,770,206000,80000,0.3,7860,No,1
980,815,206000,80000,0.3,7860,No,1
1320,1125,206000,80000,0.3,7860,No,1
900,720,206000,80000,0.3,7860,No,1
1030,810,206000,80000,0.3,7860,No,1
980,770,206000,80000,0.3,7860,No,1
1100,800,206000,80000,0.3,7860,No,1
1200,850,206000,80000,0.3,7860,No,1
1030,850,206000,80000,0.3,7860,No,1
420,225,206000,80000,0.3,7860,Yes,2
630,440,206000,80000,0.3,7860,Yes,3
730,540,206000,80000,0.3,7860,No,1
830,635,206000,80000,0.3,7860,No,1
440,245,206000,80000,0.3,7860,Yes,2
440,240,206000,80000,0.3,7860,Yes,2
900,700,206000,80000,0.3,7860,No,1
420,225,206000,80000,0.3,7860,Yes,2
590,410,206000,80000,0.3,7860,Yes,3
1000,800,206000,80000,0.3,7860,No,1
510,195,206000,80000,0.3,7860,No,1
510,205,206000,80000,0.3,7860,No,1
510,205,206000,80000,0.3,7860,No,1
450,185,206000,80000,0.3,7860,No,1
540,240,206000,80000,0.3,7860,Yes,2
590,240,206000,80000,0.3,7860,Yes,2
540,240,206000,80000,0.3,7860,Yes,2
540,240,206000,80000,0.3,7860,Yes,2
540,240,206000,80000,0.3,7860,Yes,2
540,240,206000,80000,0.3,7860,Yes,2
530,205,206000,80000,0.3,7860,No,1
490,216,206000,80000,0.3,7860,Yes,2
470,186,206000,80000,0.3,7860,No,1
480,195,206000,80000,0.3,7860,No,1
530,205,206000,80000,0.3,7860,No,1
950,600,206000,80000,0.3,7860,No,1
150,150,85000,34000,0.25,7160,No,1
200,200,85000,34000,0.25,7160,No,1
250,250,85000,34000,0.25,7160,No,1
300,300,85000,34000,0.25,7160,No,1
350,350,85000,34000,0.25,7160,No,1
500,320,169000,70000,0.2,7160,No,1
600,370,169000,70000,0.2,7160,No,1
700,420,169000,70000,0.2,7160,No,1
800,480,169000,70000,0.2,7160,No,1
400,180,160000,64000,0.27,7160,No,1
500,260,160000,64000,0.27,7160,No,1
460,375,206000,80000,0.3,7860,Yes,5
360,195,206000,80000,0.3,7860,No,1
440,305,206000,80000,0.3,7860,Yes,4
340,175,206000,80000,0.3,7860,No,1
470,355,206000,80000,0.3,7860,Yes,5
400,235,206000,80000,0.3,7860,Yes,2
490,275,206000,80000,0.3,7860,Yes,3
520,335,206000,80000,0.3,7860,Yes,5
520,335,206000,80000,0.3,7860,Yes,5
510,325,206000,80000,0.3,7860,Yes,5
620,460,206000,80000,0.3,7860,Yes,3
570,450,206000,80000,0.3,7860,Yes,3
420,300,206000,80000,0.3,7860,Yes,4
440,340,206000,80000,0.3,7860,Yes,5
420,250,206000,80000,0.3,7860,Yes,3
480,300,206000,80000,0.3,7860,Yes,4
540,340,206000,80000,0.3,7860,Yes,4
600,370,206000,80000,0.3,7860,Yes,3
630,400,206000,80000,0.3,7860,Yes,3
650,430,206000,80000,0.3,7860,Yes,2
700,460,206000,80000,0.3,7860,No,1
750,500,206000,80000,0.3,7860,No,1
780,510,206000,80000,0.3,7860,No,1
700,490,206000,80000,0.3,7860,No,1
770,570,206000,80000,0.3,7860,No,1
800,600,206000,80000,0.3,7860,No,1
880,640,206000,80000,0.3,7860,No,1
980,680,206000,80000,0.3,7860,No,1
1226,1079,206000,80000,0.3,7860,No,1
830,630,206000,80000,0.3,7860,No,1
880,660,206000,80000,0.3,7860,No,1
930,735,206000,80000,0.3,7860,No,1
860,680,206000,80000,0.3,7860,No,1
1226,1079,206000,80000,0.3,7860,No,1
930,680,206000,80000,0.3,7860,No,1
1100,800,206000,80000,0.3,7860,No,1
1100,900,206000,80000,0.3,7860,No,1
1200,1000,206000,80000,0.3,7860,No,1
588,392,206000,80000,0.3,7860,Yes,3
412,177,206000,80000,0.3,7860,No,1
539,343,206000,80000,0.3,7860,Yes,4
637,441,206000,80000,0.3,7860,Yes,2
735,539,206000,80000,0.3,7860,No,1
430,205,206000,80000,0.3,7860,No,1
785,588,206000,80000,0.3,7860,No,1
520,205,206000,80000,0.3,7860,No,1
520,205,206000,80000,0.3,7860,No,1
520,205,206000,80000,0.3,7860,No,1
480,175,206000,80000,0.3,7860,No,1
520,205,206000,80000,0.3,7860,No,1
480,175,206000,80000,0.3,7860,No,1
520,205,206000,80000,0.3,7860,No,1
930,685,206000,80000,0.3,7860,No,1
560,205,206000,80000,0.3,7860,No,1
590,205,206000,80000,0.3,7860,No,1
880,560,206000,80000,0.3,7860,No,1
150,150,85000,34000,0.25,7160,No,1
200,200,85000,34000,0.25,7160,No,1
250,250,85000,34000,0.25,7160,No,1
300,300,85000,34000,0.25,7160,No,1
350,350,85000,34000,0.25,7160,No,1
500,320,169000,70000,0.2,7160,No,1
600,370,169000,70000,0.2,7160,No,1
700,420,169000,70000,0.2,7160,No,1
800,480,169000,70000,0.2,7160,No,1
400,180,160000,64000,0.27,7160,No,1
500,260,160000,64000,0.27,7160,No,1
